{
  "dataset_info": {
    "n_sequences": 50,
    "n_features": 35,
    "n_targets": 6,
    "feature_names": [
      "spectral_mean",
      "spectral_std",
      "spectral_max",
      "spectral_min",
      "spectral_range",
      "spectral_skewness",
      "spectral_kurtosis",
      "n_peaks",
      "peak_ratio",
      "spectral_entropy",
      "low_freq_power",
      "mid_freq_power",
      "high_freq_power",
      "z_invariance",
      "gc_content",
      "at_content",
      "purine_content",
      "pyrimidine_content",
      "dinuc_AA",
      "dinuc_AT",
      "dinuc_AC",
      "dinuc_AG",
      "dinuc_TA",
      "dinuc_TT",
      "dinuc_TC",
      "dinuc_TG",
      "dinuc_CA",
      "dinuc_CT",
      "dinuc_CC",
      "dinuc_CG",
      "dinuc_GA",
      "dinuc_GT",
      "dinuc_GC",
      "dinuc_GG",
      "sequence_complexity"
    ],
    "target_names": [
      "curvatures",
      "domain_shifts",
      "curvature_lyapunov",
      "spectral_rigidity",
      "correlation_entropy",
      "coordinate_mixing"
    ]
  },
  "cv_results": {
    "curvatures": {
      "linear": {
        "cv_mean": -3.7621903949399047,
        "cv_std": 0.6883065330969266,
        "test_r2": -2.9964702332958435,
        "test_mse": 2.446064860458445,
        "test_mae": 1.3431693270021685
      },
      "ridge": {
        "cv_mean": -3.0254120454460347,
        "cv_std": 2.369334453798662,
        "test_r2": -0.26654409901654286,
        "test_mse": 0.7751963192455562,
        "test_mae": 0.703853716480723
      },
      "lasso": {
        "cv_mean": -1.5893494306168214,
        "cv_std": 0.7656161391416861,
        "test_r2": -0.14977969811804837,
        "test_mse": 0.7037299298275251,
        "test_mae": 0.5500786198870347
      },
      "random_forest": {
        "cv_mean": -1.4371622091991512,
        "cv_std": 0.7263066657499817,
        "test_r2": -0.5796399984747231,
        "test_mse": 0.9668286429990838,
        "test_mae": 0.7131424211662167
      },
      "gradient_boost": {
        "cv_mean": -1.4079666513381892,
        "cv_std": 0.5735937813951056,
        "test_r2": -1.3915596567188384,
        "test_mse": 1.4637692004440774,
        "test_mae": 0.8467890052276859
      },
      "svr": {
        "cv_mean": -1.3607004906232647,
        "cv_std": 0.5961770542230094,
        "test_r2": -0.02608772704802731,
        "test_mse": 0.6280234773098734,
        "test_mae": 0.5922680091247556
      }
    },
    "domain_shifts": {
      "linear": {
        "cv_mean": -1890.176316965406,
        "cv_std": 3374.5364290270845,
        "test_r2": -56064.776842036576,
        "test_mse": 122.17598429873586,
        "test_mae": 9.83183445994181
      },
      "ridge": {
        "cv_mean": -1788.3317756798401,
        "cv_std": 3390.187535097927,
        "test_r2": -18534.0374348046,
        "test_mse": 40.39070838153946,
        "test_mae": 5.014773808920776
      },
      "lasso": {
        "cv_mean": -1754.2765707749797,
        "cv_std": 3410.7245891323723,
        "test_r2": -13193.99541929365,
        "test_mse": 28.753932326873525,
        "test_mae": 4.429554420772496
      },
      "random_forest": {
        "cv_mean": -1792.1697432402532,
        "cv_std": 3389.1999281358394,
        "test_r2": -4559.316075955278,
        "test_mse": 9.937632842633525,
        "test_mae": 1.2401116780225827
      },
      "gradient_boost": {
        "cv_mean": -2051.45923516713,
        "cv_std": 3314.334133722737,
        "test_r2": -198221.25323666263,
        "test_mse": 431.95689533270763,
        "test_mae": 6.796816599322187
      },
      "svr": {
        "cv_mean": -1713.6579058625798,
        "cv_std": 3427.070905804145,
        "test_r2": -31.605060283374662,
        "test_mse": 0.0710514605811037,
        "test_mae": 0.20163958066466603
      }
    }
  },
  "chaos_metrics": {
    "curvature_lyapunov": 29.572150015566812,
    "spectral_rigidity": 0.0,
    "correlation_entropy": 1.8758926932369302,
    "dimensionality": 5.0,
    "coordinate_mixing": 0.5980725903754438
  },
  "feature_statistics": {
    "mean": [
      10.847453015132963,
      5.66989350881843,
      29.42474213810151,
      0.8481587884698325,
      28.576583349631672,
      0.62274037430118,
      0.6086213623954783,
      47.7,
      0.31799999999999995,
      7.026536751369365,
      5476.657883917474,
      11424.44614262217,
      5598.895973460353,
      0.09236212557563107,
      0.49493333333333345,
      0.5050666666666666,
      0.5121333333333333,
      0.48786666666666667,
      0.06362416107382551,
      0.06845637583892616,
      0.056510067114093954,
      0.06375838926174496,
      0.07020134228187917,
      0.06604026845637585,
      0.053557046979865755,
      0.06348993288590607,
      0.05046979865771811,
      0.05651006711409397,
      0.0625503355704698,
      0.06536912751677851,
      0.06845637583892616,
      0.06093959731543626,
      0.06281879194630872,
      0.067248322147651,
      5.504792748989316
    ],
    "std": [
      0.21797949422590251,
      0.37088491913048305,
      6.598399669136166,
      0.5028534313067647,
      6.59937861462561,
      0.4980446306535158,
      3.5924897237306403,
      6.490762667052307,
      0.04327175111368207,
      0.027486801803714985,
      837.9698330668283,
      1073.0399023292719,
      728.1267844501015,
      0.012921273419863995,
      0.11919403415346667,
      0.11919403415346665,
      0.05654795408422048,
      0.0565479540842205,
      0.03539248875098061,
      0.03606719152360914,
      0.01884412697821527,
      0.02941557986686057,
      0.035468004881845774,
      0.04105188693393885,
      0.01716284673237808,
      0.02080363707880186,
      0.016670254707393313,
      0.01831071256111415,
      0.038117969456854806,
      0.029918436335398306,
      0.030608736244272162,
      0.019674391044913017,
      0.03416259012206884,
      0.0432974862094558,
      0.256787089075035
    ],
    "shape": [
      50,
      35
    ]
  },
  "target_statistics": {
    "mean": [
      1.8035107916909525,
      6.987665901518256,
      29.572150015566816,
      0.0,
      1.8758926932369304,
      0.5980725903754438
    ],
    "std": [
      1.1599179679556915,
      40.83334709243242,
      3.552713678800501e-15,
      0.0,
      2.220446049250313e-16,
      0.0
    ],
    "shape": [
      50,
      6
    ]
  }
}