{
  "S_b_primes": 0.5145959836897026,
  "S_b_composites": 0.45,
  "CI": [
    0.44999999999999996,
    0.45000000000000007
  ],
  "var_O": 65.57062176703936,
  "primes_chirality": "counterclockwise",
  "composites_chirality": "counterclockwise",
  "N_start": 2,
  "N_end": 200,
  "M": 5,
  "bootstrap_samples": 300,
  "primes_count": 46,
  "composites_count": 153,
  "total_count": 199
}