{
  "S_b_primes": 0.44999999999999996,
  "S_b_composites": 0.45,
  "CI": [
    0.44999999999999996,
    0.45000000000000007
  ],
  "var_O": 25.807918344793443,
  "primes_chirality": "clockwise",
  "composites_chirality": "clockwise",
  "N_start": 2,
  "N_end": 100,
  "M": 5,
  "bootstrap_samples": 200,
  "primes_count": 25,
  "composites_count": 74,
  "total_count": 99
}