{
  "dataset_info": {
    "filename": "z_embeddings_5k_1.csv",
    "total_records": 5000,
    "o_min": 0.0008758104588169,
    "o_max": 1989.7476041921127,
    "o_mean": 345.35540930210163,
    "o_std": 367.5827781963934
  },
  "statistics": {
    "n_range": [
      10,
      5000
    ],
    "var_o_range": [
      38.55794054799223,
      135117.09882657893
    ],
    "log_log_n_range": [
      0.834032445247956,
      2.1420868489375264
    ],
    "n_points": 55
  },
  "models": {
    "linear_model": {
      "slope": 66569.6122921029,
      "intercept": -93420.01800856377,
      "r_squared": 0.32763170922826024,
      "cv_r2_mean": 0.29038988128656407,
      "cv_r2_std": 0.1322368868299812,
      "covariance": "[[ 1.71592173e+08 -3.13830893e+08]\n [-3.13830893e+08  5.94297898e+08]]",
      "std_errors": "[13099.31956837 24378.2259093 ]",
      "aic": 1147.861945236701
    },
    "power_model": {
      "coefficient": 5.513471393248066e-09,
      "exponent": 40.47554427191635,
      "r_squared": 0.9997504920252374,
      "covariance": "[[ 5.15066684e-19 -1.23981547e-10]\n [-1.23981547e-10  2.98490868e-02]]",
      "std_errors": "[7.17681464e-10 1.72768883e-01]",
      "aic": 713.4130598460549
    },
    "exponential_model": {
      "amplitude": 1.502734387132816e-13,
      "rate": 19.30175547395933,
      "offset": 119.9180699582918,
      "r_squared": 0.9997746293047681,
      "covariance": "[[ 8.67526875e-28 -2.70716034e-15 -1.85313829e-12]\n [-2.70716034e-15  8.44878058e-03  5.72610535e+00]\n [-1.85313829e-12  5.72610535e+00  1.42736443e+04]]",
      "std_errors": "[2.94538092e-14 9.19172486e-02 1.19472358e+02]",
      "aic": 709.8171235229012
    },
    "correlation": {
      "pearson_r": 0.5723912204325465,
      "p_value": 4.973871542664101e-06,
      "is_significant": "True"
    },
    "spearman": {
      "spearman_r": 0.9751082251082253,
      "p_value": 2.381950342037406e-36,
      "is_significant": "True"
    },
    "kendall": {
      "kendall_tau": 0.9124579124579126,
      "p_value": 7.825299054135059e-23,
      "is_significant": "True"
    }
  },
  "best_model": "Exponential Model",
  "best_r2": 0.9997746293047681
}