{
  "analysis_info": {
    "total_numbers": 100000,
    "total_primes": 7224,
    "prime_ratio": 0.07224,
    "phi": 1.618033988749895,
    "e_squared": 7.38905609893065
  },
  "fine_k_results": {
    "0.25": {
      "k": 0.25,
      "max_enhancement": 53.80829334317706,
      "enhancement_CI": [
        255.60089859447535,
        297.7893902528421
      ],
      "pearson_r": 0.9459270444739346,
      "pearson_p": 0.0,
      "n_primes": 7224
    },
    "0.252": {
      "k": 0.252,
      "max_enhancement": 57.85588001010278,
      "enhancement_CI": [
        253.17867064664858,
        292.75692940453604
      ],
      "pearson_r": 0.9463317936702025,
      "pearson_p": 0.0,
      "n_primes": 7224
    },
    "0.254": {
      "k": 0.254,
      "max_enhancement": 49.96308600959765,
      "enhancement_CI": [
        250.5908555239651,
        289.88973099485696
      ],
      "pearson_r": 0.9467341900946954,
      "pearson_p": 0.0,
      "n_primes": 7224
    },
    "0.256": {
      "k": 0.256,
      "max_enhancement": 42.82198667580727,
      "enhancement_CI": [
        246.59023633878314,
        286.21227986288613
      ],
      "pearson_r": 0.9471342460647059,
      "pearson_p": 0.0,
      "n_primes": 7224
    },
    "0.258": {
      "k": 0.258,
      "max_enhancement": 39.50054512520712,
      "enhancement_CI": [
        245.02774975370386,
        285.5317509685754
      ],
      "pearson_r": 0.9475319738203276,
      "pearson_p": 0.0,
      "n_primes": 7224
    },
    "0.26": {
      "k": 0.26,
      "max_enhancement": 51.56291679802122,
      "enhancement_CI": [
        243.66877714530804,
        284.05279957004683
      ],
      "pearson_r": 0.9479273855250233,
      "pearson_p": 0.0,
      "n_primes": 7224
    },
    "0.262": {
      "k": 0.262,
      "max_enhancement": 35.52339133734482,
      "enhancement_CI": [
        241.8224077835063,
        281.1337425047781
      ],
      "pearson_r": 0.948320493266193,
      "pearson_p": 0.0,
      "n_primes": 7224
    },
    "0.264": {
      "k": 0.264,
      "max_enhancement": 30.94489838675885,
      "enhancement_CI": [
        240.916937126366,
        279.493539591947
      ],
      "pearson_r": 0.9487113090557369,
      "pearson_p": 0.0,
      "n_primes": 7224
    },
    "0.266": {
      "k": 0.266,
      "max_enhancement": 25.031257814453618,
      "enhancement_CI": [
        239.4934042759229,
        278.4394917953837
      ],
      "pearson_r": 0.9490998448306099,
      "pearson_p": 0.0,
      "n_primes": 7224
    },
    "0.268": {
      "k": 0.268,
      "max_enhancement": 19.628672600248834,
      "enhancement_CI": [
        236.04042879317763,
        275.9252911569124
      ],
      "pearson_r": 0.9494861124533731,
      "pearson_p": 0.0,
      "n_primes": 7224
    },
    "0.27": {
      "k": 0.27,
      "max_enhancement": 15.356220007382792,
      "enhancement_CI": [
        235.2003552612501,
        274.00553639656783
      ],
      "pearson_r": 0.9498701237127432,
      "pearson_p": 0.0,
      "n_primes": 7224
    },
    "0.272": {
      "k": 0.272,
      "max_enhancement": 19.33402069729256,
      "enhancement_CI": [
        232.86772377416048,
        270.36649285364746
      ],
      "pearson_r": 0.9502518903241322,
      "pearson_p": 0.0,
      "n_primes": 7224
    },
    "0.274": {
      "k": 0.274,
      "max_enhancement": 29.300378469813694,
      "enhancement_CI": [
        230.24207477188523,
        267.1774649686177
      ],
      "pearson_r": 0.9506314239301868,
      "pearson_p": 0.0,
      "n_primes": 7224
    },
    "0.276": {
      "k": 0.276,
      "max_enhancement": 17.810607667114343,
      "enhancement_CI": [
        226.8441534882114,
        266.26745912848077
      ],
      "pearson_r": 0.9510087361013204,
      "pearson_p": 0.0,
      "n_primes": 7224
    },
    "0.278": {
      "k": 0.278,
      "max_enhancement": 11.259457053849577,
      "enhancement_CI": [
        225.2758601429848,
        265.8762931159899
      ],
      "pearson_r": 0.9513838383362417,
      "pearson_p": 0.0,
      "n_primes": 7224
    },
    "0.28": {
      "k": 0.28,
      "max_enhancement": 9.20031963575912,
      "enhancement_CI": [
        223.35695586588162,
        261.2710136125805
      ],
      "pearson_r": 0.9517567420624782,
      "pearson_p": 0.0,
      "n_primes": 7224
    },
    "0.28200000000000003": {
      "k": 0.28200000000000003,
      "max_enhancement": 10.065625911630518,
      "enhancement_CI": [
        222.78060074974357,
        261.35195689166187
      ],
      "pearson_r": 0.952127458636897,
      "pearson_p": 0.0,
      "n_primes": 7224
    },
    "0.28400000000000003": {
      "k": 0.28400000000000003,
      "max_enhancement": 31.141808008393067,
      "enhancement_CI": [
        219.5440870919836,
        257.73245604980247
      ],
      "pearson_r": 0.9524959993462165,
      "pearson_p": 0.0,
      "n_primes": 7224
    },
    "0.28600000000000003": {
      "k": 0.28600000000000003,
      "max_enhancement": 24.58471760797341,
      "enhancement_CI": [
        217.66906701899472,
        255.20715603778322
      ],
      "pearson_r": 0.9528623754075215,
      "pearson_p": 0.0,
      "n_primes": 7224
    },
    "0.28800000000000003": {
      "k": 0.28800000000000003,
      "max_enhancement": 19.792997699974446,
      "enhancement_CI": [
        215.53512503623023,
        254.8078344769006
      ],
      "pearson_r": 0.9532265979687653,
      "pearson_p": 0.0,
      "n_primes": 7224
    },
    "0.29000000000000004": {
      "k": 0.29000000000000004,
      "max_enhancement": 28.173577785980896,
      "enhancement_CI": [
        214.50207366150997,
        251.7098843105993
      ],
      "pearson_r": 0.9535886781092716,
      "pearson_p": 0.0,
      "n_primes": 7224
    },
    "0.29200000000000004": {
      "k": 0.29200000000000004,
      "max_enhancement": 23.59595000791016,
      "enhancement_CI": [
        211.65092749396828,
        251.73310440574414
      ],
      "pearson_r": 0.9539486268402364,
      "pearson_p": 0.0,
      "n_primes": 7224
    },
    "0.29400000000000004": {
      "k": 0.29400000000000004,
      "max_enhancement": 30.14547898268829,
      "enhancement_CI": [
        207.70876999453955,
        247.39540908476434
      ],
      "pearson_r": 0.9543064551052165,
      "pearson_p": 0.0,
      "n_primes": 7224
    },
    "0.29600000000000004": {
      "k": 0.29600000000000004,
      "max_enhancement": 57.55971513203504,
      "enhancement_CI": [
        208.82253271812974,
        244.16318079453185
      ],
      "pearson_r": 0.9546621737806203,
      "pearson_p": 0.0,
      "n_primes": 7224
    },
    "0.29800000000000004": {
      "k": 0.29800000000000004,
      "max_enhancement": 41.69740410355681,
      "enhancement_CI": [
        207.59205656050383,
        246.6960551057613
      ],
      "pearson_r": 0.9550157936761939,
      "pearson_p": 0.0,
      "n_primes": 7224
    },
    "0.30000000000000004": {
      "k": 0.30000000000000004,
      "max_enhancement": 36.33007819054331,
      "enhancement_CI": [
        205.8804098873067,
        241.18923573201306
      ],
      "pearson_r": 0.955367325535501,
      "pearson_p": 0.0,
      "n_primes": 7224
    },
    "0.30200000000000005": {
      "k": 0.30200000000000005,
      "max_enhancement": 176.8549280177187,
      "enhancement_CI": [
        201.7808063388789,
        240.38629988483783
      ],
      "pearson_r": 0.9557167800363988,
      "pearson_p": 0.0,
      "n_primes": 7224
    },
    "0.30400000000000005": {
      "k": 0.30400000000000005,
      "max_enhancement": 130.71244001476558,
      "enhancement_CI": [
        201.10588520359042,
        238.9443567183869
      ],
      "pearson_r": 0.9560641677915129,
      "pearson_p": 0.0,
      "n_primes": 7224
    },
    "0.30600000000000005": {
      "k": 0.30600000000000005,
      "max_enhancement": 130.71244001476558,
      "enhancement_CI": [
        197.52569793347348,
        234.3763622682546
      ],