{
  "k": 0.3,
  "cohens_d": 0.011853811083062384,
  "KL": 0.0018373979292823576,
  "sigma_bar": 0.3360816123274521,
  "BIC": 247465.7709289525,
  "AIC": 247332.5901124436,
  "n_primes": 9592,
  "n_composites": 90407,
  "confidence_intervals": {
    "cohens_d_ci": [
      0.0007073353797474674,
      0.03295458412087822
    ],
    "KL_ci": [
      0.0030288100487030098,
      0.006310915995470218
    ],
    "sigma_bar_ci": [
      0.3331323000554208,
      0.3406430237794859
    ]
  }
}