{
  "summary": {
    "total_points": 25,
    "coordinate_dimensions": 10,
    "analysis_timestamp": "2025-08-09T05:04:51.166485"
  },
  "clustering": {
    "num_clusters": 0,
    "cluster_statistics": {}
  },
  "symmetries": {
    "x_reflection": {
      "score": 0.0,
      "symmetric_pairs": "0"
    },
    "y_reflection": {
      "score": 0.0,
      "symmetric_pairs": "0"
    },
    "rotational": {
      "1.571_rad": 0.0,
      "1.047_rad": 0.0,
      "0.785_rad": 0.0,
      "0.524_rad": 0.0,
      "3.142_rad": 0.0
    },
    "helical": {
      "angle_regularity": 0.5687159591295223,
      "radii_regularity": 0.5543680669557329,
      "pitch_consistency": 0.7982616941992059,
      "helical_score": 0.3552492869720802
    }
  },
  "anomalies": {
    "num_anomalies": 3,
    "anomaly_rate": 0.12
  },
  "coordinate_statistics": {
    "x": {
      "mean": 6.0697774389088135,
      "std": 2.421263463663215,
      "min": 1.7225241610127242,
      "max": 9.774063179282637
    },
    "y": {
      "mean": 0.3964120823229035,
      "std": 4.491086808737402,
      "min": -8.14738453196728,
      "max": 9.160540890458783
    },
    "z": {
      "mean": 0.9240707398639759,
      "std": 0.2672162588461691,
      "min": 0.2973620105082439,
      "max": 1.2410157447130796
    },
    "w": {
      "mean": 0.43711340206185567,
      "std": 0.2977365279370672,
      "min": 0.020618556701030927,
      "max": 1.0
    },
    "u": {
      "mean": 0.7577011231875755,
      "std": 0.21629789174243486,
      "min": 0.22075629640439134,
      "max": 1.0
    },
    "sequence": {
      "mean": 42.4,
      "std": 28.880443209895517,
      "min": 2.0,
      "max": 97.0
    },
    "theta": {
      "mean": 1.2074517735874926,
      "std": 0.34468640076567986,
      "min": 0.35179119241994466,
      "max": 1.5935726325808515
    },
    "amplitudes": {
      "mean": 6.118727321836908,
      "std": 2.4415519574661,
      "min": 1.7320508075688772,
      "max": 9.899494936611665
    },
    "angles_d": {
      "mean": 0.12074517735874926,
      "std": 0.034468640076568,
      "min": 0.03517911924199447,
      "max": 0.15935726325808516
    },
    "angles_e": {
      "mean": 6.8603200000000015,
      "std": 4.672855711361095,
      "min": 0.32360000000000005,
      "max": 15.694600000000003
    }
  }
}