{
  "computation_info": {
    "n_start": 900001,
    "n_end": 1000000,
    "total_computed": 100000,
    "phi": 1.618033988749895,
    "e_squared": 7.38905609893065
  },
  "k_sweep_results": {
    "0.2": {
      "k": 0.2,
      "e_max": 97.75352001265624,
      "e_max_CI": [
        326.47244307027876,
        374.57356682801935
      ],
      "mean_kappa_primes": 3.7253751445766015,
      "mean_kappa_composites": 29.662437033042714,
      "pearson_r": 0.9350059840139577,
      "pearson_p": 0.0,
      "n_primes": 7224
    },
    "0.24": {
      "k": 0.24,
      "e_max": 97.75352001265624,
      "e_max_CI": [
        265.9498509825562,
        310.15784911420104
      ],
      "mean_kappa_primes": 3.7253751445766015,
      "mean_kappa_composites": 29.662437033042714,
      "pearson_r": 0.9438675703336017,
      "pearson_p": 0.0,
      "n_primes": 7224
    },
    "0.28": {
      "k": 0.28,
      "e_max": 9.20031963575912,
      "e_max_CI": [
        221.86887790893581,
        263.38049998060393
      ],
      "mean_kappa_primes": 3.7253751445766015,
      "mean_kappa_composites": 29.662437033042714,
      "pearson_r": 0.9517567420624782,
      "pearson_p": 0.0,
      "n_primes": 7224
    },
    "0.3": {
      "k": 0.3,
      "e_max": 36.33007819054331,
      "e_max_CI": [
        204.62146970920335,
        244.52691004399637
      ],
      "mean_kappa_primes": 3.7253751445766015,
      "mean_kappa_composites": 29.662437033042714,
      "pearson_r": 0.9553673255355006,
      "pearson_p": 0.0,
      "n_primes": 7224
    },
    "0.32": {
      "k": 0.32,
      "e_max": 53.80829334317705,
      "e_max_CI": [
        185.86356799256447,
        222.24784225785467
      ],
      "mean_kappa_primes": 3.7253751445766015,
      "mean_kappa_composites": 29.662437033042714,
      "pearson_r": 0.9587701193402852,
      "pearson_p": 0.0,
      "n_primes": 7224
    },
    "0.36": {
      "k": 0.36,
      "e_max": 36.47778141718528,
      "e_max_CI": [
        155.69898379566055,
        191.3561737494739
      ],
      "mean_kappa_primes": 3.7253751445766015,
      "mean_kappa_composites": 29.662437033042714,
      "pearson_r": 0.9649930518531673,
      "pearson_p": 0.0,
      "n_primes": 7224
    },
    "0.4": {
      "k": 0.4,
      "e_max": 9.546913963845544,
      "e_max_CI": [
        128.3167163341318,
        161.80978954002217
      ],
      "mean_kappa_primes": 3.7253751445766015,
      "mean_kappa_composites": 29.662437033042714,
      "pearson_r": 0.9705011364311414,
      "pearson_p": 0.0,
      "n_primes": 7224
    }
  }
}