{
  "summary": {
    "total_points": 46,
    "coordinate_dimensions": 10,
    "analysis_timestamp": "2025-08-09T05:01:13.873299"
  },
  "clustering": {
    "num_clusters": 3,
    "cluster_statistics": {
      "0": {
        "size": "5",
        "centroid": "[-0.07004502 -0.88339881  0.15944021]",
        "spread": "[0.20998545 0.25118908 0.1554477 ]",
        "density": 0.10869565217391304
      },
      "1": {
        "size": "4",
        "centroid": "[ 0.41652054 -1.24945143  0.5102847 ]",
        "spread": "[0.04575146 0.27607955 0.03053813]",
        "density": 0.08695652173913043
      },
      "2": {
        "size": "5",
        "centroid": "[ 1.14146783 -1.32024199  0.92262455]",
        "spread": "[0.17729528 0.25875988 0.09307467]",
        "density": 0.10869565217391304
      }
    }
  },
  "symmetries": {
    "x_reflection": {
      "score": 0.0,
      "symmetric_pairs": "0"
    },
    "y_reflection": {
      "score": 0.0,
      "symmetric_pairs": "0"
    },
    "rotational": {
      "1.571_rad": 0.0,
      "1.047_rad": 0.0,
      "0.785_rad": 0.0,
      "0.524_rad": 0.0,
      "3.142_rad": 0.0
    },
    "helical": {
      "angle_regularity": 0.48258165690210836,
      "radii_regularity": 0.5457906089632767,
      "pitch_consistency": 0.7799048709895293,
      "helical_score": 0.3138140658559857
    }
  },
  "anomalies": {
    "num_anomalies": 5,
    "anomaly_rate": 0.10869565217391304
  },
  "coordinate_statistics": {
    "x": {
      "mean": 8.843608126890945,
      "std": 3.623541580734014,
      "min": 1.7225243892384152,
      "max": 13.958661633027303
    },
    "y": {
      "mean": -0.40747829297254,
      "std": 6.532438784466938,
      "min": -11.434893571801878,
      "max": 12.315421254791163
    },
    "z": {
      "mean": 1.1199343721741881,
      "std": 0.2934189168606947,
      "min": 0.2973620105082439,
      "max": 1.4340985629584846
    },
    "w": {
      "mean": 0.46176534848153816,
      "std": 0.3113960483231617,
      "min": 0.010050251256281407,
      "max": 1.0
    },
    "u": {
      "mean": 0.764620188385719,
      "std": 0.2078548660972598,
      "min": 0.20502792901231331,
      "max": 1.0
    },
    "sequence": {
      "mean": 91.8913043478261,
      "std": 61.96781361630917,
      "min": 2.0,
      "max": 199.0
    },
    "theta": {
      "mean": 1.2329945674186495,
      "std": 0.3351780722014728,
      "min": 0.3306194715771128,
      "max": 1.6125582166771868
    },
    "amplitudes": {
      "mean": 8.917729843093458,
      "std": 3.655871823987599,
      "min": 1.7320508075688772,
      "max": 14.142135623730951
    },
    "angles_d": {
      "mean": 0.12329945674186499,
      "std": 0.03351780722014727,
      "min": 0.03306194715771128,
      "max": 0.16125582166771868
    },
    "angles_e": {
      "mean": 14.868013043478266,
      "std": 10.026392243118826,
      "min": 0.32360000000000005,
      "max": 32.19820000000001
    }
  }
}